backbone,head,accuracy,f1_score,end_val_loss,loss,val_loss,y_true,y_pred,label_map
EfficientNetB3,dense_dropout,0.8166666666666667,0.815945165945166,0.5388228297233582,"[2.8829731941223145, 2.0274252891540527, 1.7514358758926392, 1.6041357517242432, 1.4169418811798096, 1.0709131956100464, 0.8907447457313538, 0.944168210029602, 0.8055276870727539, 0.5791108012199402, 0.5072907209396362, 0.5660312175750732, 0.4445253610610962, 0.38796964287757874, 0.4377397894859314, 0.4270065426826477, 0.26847657561302185, 0.27120301127433777, 0.2865629494190216, 0.2620164453983307]","[2.0478808879852295, 1.5545659065246582, 1.3393535614013672, 1.1544018983840942, 1.0446772575378418, 0.8425235152244568, 0.8434009552001953, 0.7507429718971252, 0.7331141233444214, 0.7361353039741516, 0.6276929378509521, 0.6563044190406799, 0.658500611782074, 0.6587302088737488, 0.6447410583496094, 0.5944277048110962, 0.6138231158256531, 0.5673763155937195, 0.561808168888092, 0.5388228297233582]","[ 0  2  5  3  0  9 10  7 10 13  4  2 11 14 11  2  8  1  3  1  7  5  8 10
  5 11  6  3 14  9 12 13  4  9  8  1 12 14 13  6  0  0  2  1 13  8 10  9
  6 14  3  7 12 11  7  4  4 12  5  6]","[ 2  2  5  3  0  9 10  7 10 13  4  2  0 14 11  3  8  1  3  1  9  5  8 10
  5 11  6  3 14  9 12 13  4  9  5  1 10 14 13  6  1  0  9  1 13  8 10  9
  5 11  3  7 12 11  7  4  4 12  9  6]","{'Pepper__bell___Bacterial_spot': 0, 'Pepper__bell___healthy': 1, 'Potato___Early_blight': 2, 'Potato___Late_blight': 3, 'Potato___healthy': 4, 'Tomato_Bacterial_spot': 5, 'Tomato_Early_blight': 6, 'Tomato_Late_blight': 7, 'Tomato_Leaf_Mold': 8, 'Tomato_Septoria_leaf_spot': 9, 'Tomato_Spider_mites_Two_spotted_spider_mite': 10, 'Tomato__Target_Spot': 11, 'Tomato__Tomato_YellowLeaf__Curl_Virus': 12, 'Tomato__Tomato_mosaic_virus': 13, 'Tomato_healthy': 14}"
